{
    "/downloads/watch": {
        "add_torrent_params": {
            "category": "",
            "download_limit": -1,
            "download_path": "",
            "inactive_seeding_time_limit": -2,
            "operating_mode": "AutoManaged",
            "ratio_limit": -2,
            "save_path": "/downloads/watch",
            "seeding_time_limit": -2,
            "share_limit_action": "Default",
            "skip_checking": false,
            "ssl_certificate": "",
            "ssl_dh_params": "",
            "ssl_private_key": "",
            "tags": [
            ],
            "upload_limit": -1,
            "use_auto_tmm": false
        },
        "recursive": false
    }
}
